fileName,description,index,sequence,sampleName,person,tissue,percentInPool
180301_NB501673_0251_AHJMMHBGX5_R1.fastq.gz,blood4,13,CTATTAAG,pc_1.1,Sudhir,blood,22.5
180301_NB501673_0251_AHJMMHBGX5_R1.fastq.gz,blood4,14,AAGGCTAT,uc_2.1,Sudhir,blood,22.5
180301_NB501673_0251_AHJMMHBGX5_R1.fastq.gz,blood4,15,GAGCCTTA,uc_1.1,Sudhir,blood,22.5
180301_NB501673_0251_AHJMMHBGX5_R1.fastq.gz,blood4,16,TTATGCGA,pc_2.1,Sudhir,blood,22.5
180301_NB501673_0251_AHJMMHBGX5_R1.fastq.gz,blood4,17,GGAGGTAA,gut_17,Ruei-Jiun,gut,1.6
180301_NB501673_0251_AHJMMHBGX5_R1.fastq.gz,blood4,18,CATAACTG,gut_18,Ruei-Jiun,gut,1.6
180301_NB501673_0251_AHJMMHBGX5_R1.fastq.gz,blood4,19,AGTAAAGG,gut_19,Ruei-Jiun,gut,1.6
180301_NB501673_0251_AHJMMHBGX5_R1.fastq.gz,blood4,21,TCCGTCTC,gut_21,Ruei-Jiun,gut,1.6
180301_NB501673_0251_AHJMMHBGX5_R1.fastq.gz,blood4,22,AGCTTTCT,gut_22,Ruei-Jiun,gut,1.6
180301_NB501673_0251_AHJMMHBGX5_R1.fastq.gz,blood4,23,AAGAGCGT,gut_23,Ruei-Jiun,gut,1.6
